{"cameraMode":{"drawMode":0,"name":"Shaded","section":"Shading Mode"},"sceneLighting":false,"audioPlay":false,"sceneViewState":{"showFog":true,"showMaterialUpdate":false,"showSkybox":true,"showFlares":true,"showImageEffects":true,"showParticleSystems":true},"in2DMode":false,"pivot":{"x":2.10491681098938,"y":3.208003520965576,"z":7.015691757202148},"rotation":{"x":-0.010460755787789822,"y":-0.9772089719772339,"z":0.2061404287815094,"w":-0.04959162697196007},"size":0.614773154258728,"orthographic":false}